1,Annecorinne,Galicia,42.8970535,-8.5418899
2,Alain,Pais Vasco,43.3152889,-1.9514657
3,Maible,Extremadura,38.8744567,-6.9786326
4,Melissa,Galicia,43.3216087,-8.434873
5,Edythe,Comunidad Valenciana,39.9658255,-0.0419877
6,Walther,Galicia,42.214405,-8.7357274
7,Lyndell,Cataluna,41.4378689,2.196618
8,Theodosia,Cataluna,41.5281384,2.1143422
9,Ernestine,Comunidad Valenciana,39.9863563,-0.0513246
10,Madge,Murcia,37.6118995,-0.9904322
11,Paton,Canarias,28.0990178,-15.4203257
12,Herc,Pais Vasco,43.3152889,-1.9514657
13,Grete,Andalucia,36.5052612,-6.2761016
14,Netti,Comunidad Valenciana,39.5013158,-0.3889622
15,Dewain,Comunidad Valenciana,39.9863563,-0.0513246
16,Alene,Pais Vasco,43.3152889,-1.9514657
17,Kaleb,Baleares,39.6343248,2.631838
18,Fredra,Galicia,42.214405,-8.7357274
19,Rriocard,Castilla - Leon,41.5675577,-4.883185
20,Nessy,Castilla - Leon,41.5120612,-5.7415013
21,Adelheid,Comunidad Valenciana,39.5013158,-0.3889622
22,Yuri,Canarias,28.1236316,-15.4287738
23,Even,Madrid,40.2748289,-3.7968574
24,Frasquito,Galicia,42.8518656,-8.5638609
25,Amandie,Andalucia,36.7195014,-4.4239965
26,Rosalinda,Galicia,42.4423768,-8.6463086
27,Augie,Castilla - Leon,41.6465777,-4.7497457
28,Augusto,Cantabria,43.4590202,-3.8254599
29,Zane,Cataluna,41.6247751,0.5588787
30,Andee,Comunidad Valenciana,39.9658255,-0.0419877
31,Heloise,Galicia,43.4880374,-8.2310576
32,Englebert,Aragon,42.1294151,-0.3960275
33,Evvy,Aragon,40.7559095,-0.3371889
34,Germayne,Madrid,40.3111887,-3.7371617
35,Bogart,Comunidad Valenciana,38.0294026,-0.6867939
36,Michel,Cataluna,40.9380536,0.3183792
37,Timmie,Galicia,42.4423768,-8.6463086
38,Rosita,La Rioja,42.4576548,-2.4407498
39,Thelma,Pais Vasco,43.3057431,-1.9802013
40,Becki,Cataluna,41.5281384,2.1143422
41,Staffard,Cantabria,43.4717283,-3.7866915
42,Aile,Comunidad Valenciana,38.2911575,-0.6322615
43,Raviv,Asturias,43.5414515,-5.8855146
44,Mirella,Comunidad Valenciana,39.5013158,-0.3889622
45,Hadlee,Andalucia,36.7195014,-4.4239965
46,Drusy,Cataluna,41.6543565,0.6251541
47,Dorri,Galicia,42.4423768,-8.6463086
48,Gamaliel,Canarias,28.0990178,-15.4203257
49,Kizzie,Comunidad Valenciana,39.9863563,-0.0513246
50,Steffen,Baleares,39.5558392,2.5941239
51,Kelly,Galicia,42.2390986,-8.6848147
52,Karita,Andalucia,36.7203407,-4.419495
53,Vivienne,Andalucia,37.4852899,-2.2959788
54,Tremain,Extremadura,38.8744567,-6.9786326
55,Sandie,Castilla - Leon,42.5944931,-5.6195112
56,Neal,Cantabria,43.4590202,-3.8254599
57,Debee,Andalucia,37.3100775,-5.9647536
58,Kara,Comunidad Valenciana,39.463861,-0.3689508
59,Rafi,Cataluna,41.3730301,2.116796
60,Marcia,Galicia,43.4880374,-8.2310576
61,Eduardo,Castilla - Leon,41.5120612,-5.7415013
62,Cale,Galicia,42.8518656,-8.5638609
63,Jerry,Baleares,39.6343248,2.631838
64,Selene,Castilla - La Mancha,39.873363,-4.0414005
65,Aurelea,Extremadura,38.8794495,-6.9706535
66,Stan,Baleares,39.5558392,2.5941239
67,Ciro,Pais Vasco,43.3177929,-1.9814245
68,Ron,Aragon,40.7559095,-0.3371889
69,Demott,Aragon,42.1294151,-0.3960275
70,Mureil,Canarias,28.0990178,-15.4203257
71,Elvin,Pais Vasco,43.3152889,-1.9514657
72,Corbin,Pais Vasco,42.8591137,-2.6844071
73,Jojo,Andalucia,36.5052612,-6.2761016
74,Laird,Madrid,40.2748289,-3.7968574
75,Toddy,Galicia,42.4556093,-8.6325611
76,Adelbert,Canarias,28.4391484,-16.2845785
77,Alia,Extremadura,38.8794495,-6.9706535
78,Patsy,Baleares,39.609109,2.6362975
79,Joyann,Andalucia,36.8414494,-2.4567059
80,Garvey,Extremadura,38.8744567,-6.9786326
81,Kean,Castilla - Leon,41.5120612,-5.7415013
82,Jehanna,Castilla - Leon,42.0096857,-4.5288016
83,Darrin,Andalucia,36.7203407,-4.419495
84,Hersh,Andalucia,37.4852899,-2.2959788
85,Dotti,Castilla - Leon,41.6465777,-4.7497457
86,Jeanette,Canarias,28.4391484,-16.2845785
87,Jobey,Cataluna,41.3730301,2.116796
88,Ambrosi,Andalucia,37.1773363,-3.5985571
89,Web,Canarias,28.1236316,-15.4287738
90,Fonz,Castilla - La Mancha,38.994349,-1.8585424
91,Noach,Pais Vasco,42.8436672,-2.6722992
92,Nelson,Murcia,37.9868856,-1.1371011
93,Ferdinande,Baleares,39.609109,2.6362975
94,Dewain,Castilla - La Mancha,39.873363,-4.0414005
95,Modestine,Canarias,28.1236316,-15.4287738
96,Jdavie,Galicia,42.8518656,-8.5638609
97,Bengt,Murcia,37.9868856,-1.1371011
98,Micheline,Madrid,40.3319506,-3.7686545
99,Corabel,Castilla - Leon,41.5675577,-4.883185
100,Dalton,Pais Vasco,42.8591137,-2.6844071
